id;i_d;name;surname;telephone;address
1;17974;generating Market wireless;payment;0491128337;mission-critical Music
2;92239;blue generate scale;multi-byte;0751222476;a Soft a
3;97585;Gorgeous copying;Lilangeni;0250647692;database multi-byte deposit
4;79571;Dauphine;Small Renminbi plum;+33 472676;a
5;39649;quantifying Games;Paix Languedoc-Roussillon Boétie;+33 283012;hacking
6;18178;relationships Bourgogne;override;0760823886;Bac c
7;15575;Manager overriding;technologies;0502496049;transmitting Analyste
8;17953;invoice;gold high-level;+33 529631;Small virtual Account
9;18858;Buckinghamshire SAS Personal;Stand-alone Haute-Normandie;+33 349986;Jamaïque withdrawal c
10;28634;Soft Chine quantify;Corse Sausages user;+33 547778;Executif deliverables SAS
