id;i_d;name;surname;telephone;vehicule;latitude;longitude
1;18859;synthesizing;b optimizing;0438614828;a Consultant;78057;77303
2;88736;generation;matrix Refined Rubber;0312459366;Account;64147;25845
3;91840;Sausages;b;0593789530;programming la;80363;60216
4;30046;envisioneer FTP yellow;analyzing;+33 144890;mission-critical Ball;41446;91363
5;80995;invoice;navigating;0505951627;Cambridgeshire;94716;96679
6;53803;Soap 4th;Expanded connect c;0279422415;orchid AGP Pound;27590;2472
7;78320;backing index;Table c program;+33 453178;Panama Du;21451;27704
8;65368;monitor Cotton;reciprocal;+33 483396;Specialiste;68796;70383
9;5469;Berkshire mobile;enable;+33 773625;online synthesizing;32511;91443
10;32132;Incredible;connecting Health;+33 270960;Borders Music primary;14823;79550
